TRAVEL_ID,TRAVEL_NM,TRAVELER_ID,TRAVEL_PURPOSE,TRAVEL_START_YMD,TRAVEL_END_YMD,MVMN_NM,TRAVEL_PERSONA,TRAVEL_MISSION,TRAVEL_MISSION_CHECK
e_e000008,E03,e000008,3;4,2023-04-29,2023-04-30,,서울 외 수도권 방문/수도권 거주/40세 이상/자녀동반/일반미션,3;4,3;9;11
e_e000019,E03,e000019,1;4,2023-04-30,2023-05-01,,서울 외 수도권 방문/수도권 거주/40세 이상/부부/일반미션,1;4,3;13;22
e_e000027,E03,e000027,2;5;21,2023-04-30,2023-05-01,,서울 외 수도권 방문/수도권 거주/40세 이상/부모 동반/일반미션,2;5;21,5;21;2
e_e000032,E03,e000032,2;23;24;5;7,2023-04-28,2023-05-02,,경기 방문/거주지 구분 없음/39세 이하/특별미션,2;23;24;5;7,5;24;8
e_e000035,E02,e000035,21,2023-04-29,2023-05-01,,인천 방문/거주지 구분 없음/40세 이상/특별미션,21,21;23;24
e_e000036,E01,e000036,3,2023-04-29,2023-04-30,,서울 방문/수도권 거주/39세 이하/커플/일반미션,3,3;28;21
e_e000315,E03,e000315,1;22;4;5;7,2023-05-23,2023-05-26,대중교통 등,경기 방문/거주지 구분 없음/39세 이하/특별미션,1;22;4;5;7,3;24;1
e_e000328,E02,e000328,4;9,2023-05-27,2023-05-28,자가용,서울 외 수도권 방문/수도권 거주/39세 이하/나홀로 여행/일반미션,4;9,4;9;5
e_e000358,E03,e000358,1;22;4,2023-05-27,2023-05-29,자가용,서울 외 수도권 방문/수도권 거주/39세 이하/3대 동반 여행/일반미션,1;22;4,2;1;11
e_e000372,E03,e000372,11;6,2023-05-28,2023-05-30,자가용,서울 외 수도권 방문/수도권 거주/39세 이하/3인 이상 친구/일반미션,11;6,6;22;11
e_e000378,E03,e000378,2;3;21;23,2023-06-05,2023-06-07,자가용,서울 외 수도권 방문/수도권 외 거주/40세 이상/자녀동반/일반미션,2;3;21;23,2;3;23
e_e000393,E02,e000393,1;2;3,2023-05-28,2023-05-30,자가용,서울 외 수도권 방문/수도권 거주/40세 이상/자녀동반/일반미션,1;2;3,10;3;23
e_e000411,E01,e000411,11;2;22;4,2023-05-19,2023-05-22,대중교통 등,서울 방문/수도권 외 거주/39세 이하/나홀로 여행/일반미션,11;2;22;4,11;2;4
e_e000421,E01,e000421,24;2;7;6,2023-05-27,2023-05-30,대중교통 등,서울 방문/거주지 구분 없음/39세 이하/특별미션,24;2;7;6,2;6;24
e_e000440,E03,e000440,21;22;5,2023-05-20,2023-05-21,자가용,서울 외 수도권 방문/수도권 거주/39세 이하/자녀동반/일반미션,21;22;5,21;22;24
e_e000446,E01,e000446,1;21;4,2023-05-19,2023-05-21,대중교통 등,서울 방문/수도권 외 거주/40세 이상/나홀로 여행/일반미션,1;21;4,3;1;4
e_e000465,E01,e000465,1;22;26,2023-05-19,2023-05-20,대중교통 등,서울 방문/수도권 외 거주/39세 이하/나홀로 여행/일반미션,1;22;26,1;22;26
e_e000467,E01,e000467,21;28,2023-05-27,2023-05-28,대중교통 등,서울 방문/거주지 구분 없음/39세 이하/특별미션,21;28,1;4;21
e_e000487,E03,e000487,2;21;22;6,2023-05-27,2023-05-28,자가용,서울 외 수도권 방문/수도권 거주/39세 이하/나홀로 여행/일반미션,2;21;22;6,2;6;11
e_e000542,E01,e000542,1;22;23,2023-05-24,2023-05-26,대중교통 등,서울 방문/수도권 외 거주/39세 이하/커플/일반미션,1;22;23,1;22;23
e_e000554,E03,e000554,13,2023-05-24,2023-05-25,자가용,서울 외 수도권 방문/수도권 거주/40세 이상/부부/일반미션,13,13;1;27
e_e000572,E03,e000572,22;5,2023-05-26,2023-05-28,자가용,서울 외 수도권 방문/수도권 거주/39세 이하/부모 동반/일반미션,22;5,10;5;22
e_e000586,E02,e000586,21;3;4,2023-05-21,2023-05-22,자가용,인천 방문/거주지 구분 없음/40세 이상/특별미션,21;3;4,3;4;21
e_e000600,E01,e000600,1;22;26;3;9,2023-05-26,2023-05-29,대중교통 등,서울 방문/수도권 외 거주/39세 이하/부부/일반미션,1;22;26;3;9,3;6;26
e_e000653,E03,e000653,1;10;22;26;27,2023-05-28,2023-05-31,대중교통 등,경기 방문/거주지 구분 없음/39세 이하/특별미션,1;10;22;26;27,4;27;26
e_e000659,E01,e000659,1;11;4;6;9,2023-05-19,2023-05-20,자가용,서울 방문/거주지 구분 없음/39세 이하/특별미션,1;11;4;6;9,1;6;9
e_e000660,E01,e000660,23;22;21,2023-06-03,2023-06-05,자가용,서울 방문/거주지 구분 없음/39세 이하/특별미션,23;22;21,23;22;21
e_e000678,E03,e000678,1;2,2023-05-29,2023-05-30,자가용,서울 외 수도권 방문/수도권 거주/39세 이하/자녀동반/일반미션,1;2,1;2;11
e_e000702,E03,e000702,26;3,2023-05-19,2023-05-21,자가용,경기 방문/거주지 구분 없음/39세 이하/특별미션,26;3,3;4;1
e_e000703,E03,e000703,11;21;22;3,2023-06-10,2023-06-11,자가용,경기 방문/거주지 구분 없음/40세 이상/특별미션,11;21;22;3,11;3;24
e_e000716,E02,e000716,2;6;1;22;23;26;27,2023-05-22,2023-05-24,자가용,서울 외 수도권 방문/수도권 거주/39세 이하/자녀동반/일반미션,2;6;1;22;23;26;27,2;23;22
e_e000758,E01,e000758,1;22;23;3;6,2023-05-27,2023-05-29,자가용,서울 방문/수도권 외 거주/40세 이상/자녀동반/일반미션,1;22;23;3;6,6;3;21
e_e000781,E02,e000781,1;10;3;6;9,2023-05-25,2023-05-26,자가용,인천 방문/거주지 구분 없음/40세 이상/특별미션,1;10;3;6;9,3;27;9
e_e000809,E03,e000809,1;21;22;5;8,2023-06-04,2023-06-06,자가용,서울 외 수도권 방문/수도권 거주/39세 이하/커플/일반미션,1;21;22;5;8,8;21;1
e_e000833,E03,e000833,4;6;1;24;22;26;3,2023-05-25,2023-05-26,대중교통 등,서울 외 수도권 방문/수도권 거주/39세 이하/나홀로 여행/일반미션,4;6;1;24;22;26;3,22;6;27
e_e000898,E03,e000898,12;21;26,2023-05-25,2023-05-27,자가용,경기 방문/거주지 구분 없음/40세 이상/특별미션,12;21;26,12;21;26
e_e000928,E03,e000928,2;1;26,2023-05-26,2023-05-30,자가용,서울 외 수도권 방문/수도권 거주/39세 이하/커플/일반미션,2;1;26,1;2;22
e_e000934,E01,e000934,1;21;22;23;4,2023-06-07,2023-06-10,대중교통 등,서울 방문/수도권 외 거주/39세 이하/나홀로 여행/일반미션,1;21;22;23;4,24;27;26
e_e000943,E01,e000943,4;6;3;1;12,2023-05-27,2023-05-28,대중교통 등,서울 방문/수도권 거주/40세 이상/부부/일반미션,4;6;3;1;12,1;3;6
e_e000965,E03,e000965,8,2023-06-03,2023-06-04,자가용,서울 외 수도권 방문/수도권 거주/40세 이상/부부/일반미션,8,8;2;22
e_e000980,E02,e000980,11;3;6,2023-05-27,2023-05-29,대중교통 등,서울 외 수도권 방문/수도권 거주/39세 이하/나홀로 여행/일반미션,11;3;6,11;7;3
e_e000988,E01,e000988,1;6,2023-05-27,2023-05-29,대중교통 등,서울 방문/수도권 거주/40세 이상/커플/일반미션,1;6,6;1;9
e_e000989,E03,e000989,2;21;28;4,2023-05-27,2023-05-28,자가용,서울 외 수도권 방문/수도권 거주/39세 이하/커플/일반미션,2;21;28;4,2;21;6
e_e000991,E01,e000991,1;22;3;6,2023-05-25,2023-05-26,대중교통 등,서울 방문/수도권 거주/40세 이상/나홀로 여행/일반미션,1;22;3;6,6;3;1
e_e001002,E03,e001002,2,2023-05-29,2023-05-30,대중교통 등,서울 외 수도권 방문/수도권 거주/39세 이하/나홀로 여행/일반미션,2,2;9;21
e_e001035,E03,e001035,6;4,2023-05-27,2023-05-29,자가용,서울 외 수도권 방문/수도권 거주/39세 이하/부부/일반미션,6;4,6;4;1
e_e001082,E03,e001082,1;21;22;4;7,2023-06-02,2023-06-05,자가용,서울 외 수도권 방문/수도권 거주/39세 이하/커플/일반미션,1;21;22;4;7,1;21;7
e_e001109,E03,e001109,1;12;2;3;6,2023-05-26,2023-05-29,자가용,서울 외 수도권 방문/수도권 외 거주/40세 이상/자녀동반/일반미션,1;12;2;3;6,3;1;26
e_e001129,E01,e001129,2;26;4;6;9,2023-05-26,2023-05-27,자가용,서울 방문/거주지 구분 없음/39세 이하/특별미션,2;26;4;6;9,2;4;22
e_e001162,E03,e001162,1;2;6,2023-05-26,2023-05-30,대중교통 등,서울 외 수도권 방문/수도권 외 거주/39세 이하/커플/일반미션,1;2;6,3;6;1
e_e001185,E03,e001185,6;22,2023-05-27,2023-05-28,자가용,서울 외 수도권 방문/수도권 거주/39세 이하/자녀동반/일반미션,6;22,6;22;24
e_e001227,E01,e001227,1;13;24;26;7,2023-05-27,2023-05-30,대중교통 등,서울 방문/수도권 거주/39세 이하/나홀로 여행/일반미션,1;13;24;26;7,1;24;4
e_e001231,E03,e001231,5,2023-05-26,2023-05-29,자가용,서울 외 수도권 방문/수도권 외 거주/40세 이상/나홀로 여행/일반미션,5,5;22;11
e_e001232,E03,e001232,2;3;4;5;6;8;9;10;11;12;22,2023-05-27,2023-05-28,자가용,경기 방문/거주지 구분 없음/40세 이상/특별미션,2;3;4;5;6;8;9;10;11;12;22,3;22;6
e_e001269,E03,e001269,1;21;3;6;9,2023-05-27,2023-05-30,자가용,서울 외 수도권 방문/수도권 거주/40세 이상/나홀로 여행/일반미션,1;21;3;6;9,1;3;21
e_e001347,E03,e001347,2;22,2023-05-29,2023-05-30,자가용,서울 외 수도권 방문/수도권 거주/39세 이하/커플/일반미션,2;22,22;2;24
e_e001374,E03,e001374,2;1;3;6;9,2023-05-27,2023-05-29,자가용,서울 외 수도권 방문/수도권 거주/40세 이상/부모 동반/일반미션,2;1;3;6;9,2;1;3
e_e001403,E03,e001403,1;10;22,2023-05-29,2023-05-31,대중교통 등,서울 외 수도권 방문/수도권 거주/39세 이하/부부/일반미션,1;10;22,10;22;1
e_e001506,E03,e001506,10;2;5;6;9,2023-06-04,2023-06-07,자가용,서울 외 수도권 방문/수도권 거주/39세 이하/3인 이상 친구/일반미션,10;2;5;6;9,2;6;11
e_e001524,E03,e001524,22;23;24;26;5,2023-06-09,2023-06-11,자가용,경기 방문/거주지 구분 없음/39세 이하/특별미션,22;23;24;26;5,3;12;23
e_e001541,E03,e001541,1,2023-05-28,2023-05-29,자가용,서울 외 수도권 방문/수도권 거주/40세 이상/3인 이상 친구/일반미션,1,1;21;22
e_e001558,E03,e001558,1;24;3;4;7,2023-06-03,2023-06-06,대중교통 등,서울 외 수도권 방문/수도권 거주/39세 이하/나홀로 여행/일반미션,1;24;3;4;7,3;1;7
e_e001895,E01,e001895,1;2;22,2023-06-05,2023-06-06,자가용,서울 방문/수도권 거주/39세 이하/커플/일반미션,1;2;22,22;2;5
e_e001934,E01,e001934,11;6;22;3;24,2023-06-06,2023-06-07,자가용,서울 방문/수도권 외 거주/39세 이하/자녀동반/일반미션,11;6;22;3;24,3;11;22
e_e001948,E02,e001948,2;22;4;6,2023-06-05,2023-06-07,대중교통 등,서울 외 수도권 방문/수도권 거주/39세 이하/커플/일반미션,2;22;4;6,22;26;5
e_e001973,E03,e001973,1,2023-06-05,2023-06-06,자가용,서울 외 수도권 방문/수도권 거주/40세 이상/부부/일반미션,1,3;1;27
e_e001995,E03,e001995,12;26,2023-05-31,2023-06-01,대중교통 등,경기 방문/거주지 구분 없음/39세 이하/특별미션,12;26,26;12;22
e_e002012,E03,e002012,12;13;22,2023-06-06,2023-06-07,대중교통 등,경기 방문/거주지 구분 없음/40세 이상/특별미션,12;13;22,13;12;22
e_e002040,E03,e002040,1;27;3,2023-06-01,2023-06-02,자가용,서울 외 수도권 방문/수도권 거주/40세 이상/부부/일반미션,1;27;3,3;27;1
e_e002065,E01,e002065,22;23;3;6;9,2023-06-07,2023-06-08,대중교통 등,서울 방문/수도권 거주/39세 이하/나홀로 여행/일반미션,22;23;3;6;9,6;22;24
e_e002098,E02,e002098,1;23;4;5;7,2023-06-05,2023-06-07,자가용,서울 외 수도권 방문/수도권 거주/39세 이하/커플/일반미션,1;23;4;5;7,7;23;4
e_e002104,E03,e002104,27;28,2023-06-05,2023-06-07,자가용,경기 방문/거주지 구분 없음/40세 이상/특별미션,27;28,5;27;28
e_e002105,E01,e002105,1,2023-06-04,2023-06-05,대중교통 등,서울 방문/수도권 외 거주/39세 이하/나홀로 여행/일반미션,1,1;4;21
e_e002124,E03,e002124,2,2023-06-04,2023-06-05,자가용,서울 외 수도권 방문/수도권 거주/39세 이하/자녀동반/일반미션,2,2;7;6
e_e002137,E02,e002137,22;4;9;26;23,2023-06-03,2023-06-05,자가용,서울 외 수도권 방문/수도권 거주/39세 이하/3인 이상 친구/일반미션,22;4;9;26;23,26;4;22
e_e002147,E03,e002147,22;26;3,2023-06-10,2023-06-11,자가용,서울 외 수도권 방문/수도권 거주/39세 이하/부부/일반미션,22;26;3,1;22;26
e_e002156,E03,e002156,1;22;26;3;6,2023-06-02,2023-06-03,자가용,경기 방문/거주지 구분 없음/39세 이하/특별미션,1;22;26;3;6,3;6;22
e_e002203,E03,e002203,21;1;6;24;22,2023-06-10,2023-06-11,자가용,서울 외 수도권 방문/수도권 거주/40세 이상/커플/일반미션,21;1;6;24;22,21;4;6
e_e002217,E03,e002217,22;3,2023-06-05,2023-06-06,대중교통 등,서울 외 수도권 방문/수도권 외 거주/39세 이하/자녀동반/일반미션,22;3,3;11;12
e_e002229,E03,e002229,1;21;5;8,2023-06-03,2023-06-05,자가용,경기 방문/거주지 구분 없음/40세 이상/특별미션,1;21;5;8,8;21;11
e_e002247,E03,e002247,11;3;4;6;9,2023-06-07,2023-06-08,자가용,서울 외 수도권 방문/수도권 거주/40세 이상/자녀동반/일반미션,11;3;4;6;9,2;3;6
e_e002271,E03,e002271,1,2023-06-04,2023-06-05,대중교통 등,서울 외 수도권 방문/수도권 거주/39세 이하/나홀로 여행/일반미션,1,24;22;26
e_e002282,E03,e002282,1;22;8,2023-06-03,2023-06-05,자가용,서울 외 수도권 방문/수도권 거주/39세 이하/부부/일반미션,1;22;8,8;22;1
e_e002298,E02,e002298,8;9,2023-06-03,2023-06-05,자가용,서울 외 수도권 방문/수도권 거주/40세 이상/3인 이상 친구/일반미션,8;9,5;8;2
e_e002303,E03,e002303,11;21;22;26;4,2023-06-03,2023-06-04,대중교통 등,서울 외 수도권 방문/수도권 거주/39세 이하/나홀로 여행/일반미션,11;21;22;26;4,11;22;26
e_e002309,E03,e002309,11,2023-06-03,2023-06-04,자가용,서울 외 수도권 방문/수도권 거주/40세 이상/커플/일반미션,11,6;11;1
e_e002325,E01,e002325,28;3,2023-06-05,2023-06-07,대중교통 등,서울 방문/수도권 거주/40세 이상/커플/일반미션,28;3,28;3;12
e_e002350,E03,e002350,1;21;22;4;7,2023-06-03,2023-06-04,자가용,서울 외 수도권 방문/수도권 거주/40세 이상/3인 이상 친구/일반미션,1;21;22;4;7,21;1;22
e_e002359,E02,e002359,22;5,2023-06-04,2023-06-06,자가용,인천 방문/거주지 구분 없음/39세 이하/특별미션,22;5,22;5;24
e_e002385,E03,e002385,1;2;27,2023-06-05,2023-06-06,자가용,서울 외 수도권 방문/수도권 거주/39세 이하/부모 동반/일반미션,1;2;27,27;2;1
e_e002445,E03,e002445,9;5;3;4;5;6;7;11;9;10;12;13;21;24;25;22;26;27;28,2023-06-04,2023-06-05,자가용,서울 외 수도권 방문/수도권 거주/39세 이하/커플/일반미션,9;5;3;4;5;6;7;11;9;10;12;13;21;24;25;22;26;27;28,2;24;22
e_e002449,E03,e002449,1;22;7,2023-06-04,2023-06-06,자가용,서울 외 수도권 방문/수도권 거주/39세 이하/커플/일반미션,1;22;7,1;7;22
e_e002504,E01,e002504,1;3;6;4;21;22;27,2023-06-24,2023-06-25,대중교통 등,서울 방문/수도권 외 거주/39세 이하/커플/일반미션,1;3;6;4;21;22;27,3;6;24
e_e002535,E03,e002535,21;22;27;5,2023-06-17,2023-06-19,자가용,서울 외 수도권 방문/수도권 거주/39세 이하/3인 이상 친구/일반미션,21;22;27;5,5;21;24
e_e002564,E01,e002564,2;6,2023-06-19,2023-06-20,대중교통 등,서울 방문/수도권 외 거주/39세 이하/3인 이상 친구/일반미션,2;6,2;6;22
e_e002578,E01,e002578,1;21;22;26,2023-06-17,2023-06-18,대중교통 등,서울 방문/수도권 거주/39세 이하/커플/일반미션,1;21;22;26,21;6;26
e_e002601,E03,e002601,1;2;23,2023-06-09,2023-06-11,자가용,서울 외 수도권 방문/수도권 거주/39세 이하/커플/일반미션,1;2;23,6;1;23
e_e002608,E03,e002608,24;27;8,2023-06-10,2023-06-12,자가용,서울 외 수도권 방문/수도권 거주/40세 이상/3인 이상 친구/일반미션,24;27;8,8;1;3
e_e002644,E03,e002644,22;26,2023-06-18,2023-06-19,자가용,경기 방문/거주지 구분 없음/39세 이하/특별미션,22;26,22;26;24
e_e002648,E03,e002648,1;22;24;3;4,2023-06-19,2023-06-21,자가용,서울 외 수도권 방문/수도권 거주/39세 이하/나홀로 여행/일반미션,1;22;24;3;4,24;1;6
e_e002669,E01,e002669,1;22;4;7;9,2023-06-28,2023-06-30,대중교통 등,서울 방문/수도권 거주/39세 이하/커플/일반미션,1;22;4;7;9,11;9;7
e_e002676,E01,e002676,2;5;4;9;21;22;24;1,2023-06-10,2023-06-12,대중교통 등,서울 방문/수도권 외 거주/39세 이하/커플/일반미션,2;5;4;9;21;22;24;1,1;22;26
e_e002689,E03,e002689,1;21;22;4;8,2023-06-10,2023-06-12,대중교통 등,서울 외 수도권 방문/수도권 거주/39세 이하/3인 이상 친구/일반미션,1;21;22;4;8,22;8;27
e_e002691,E03,e002691,1;2;21;26;4,2023-06-25,2023-06-26,대중교통 등,서울 외 수도권 방문/수도권 거주/40세 이상/나홀로 여행/일반미션,1;2;21;26;4,1;2;3
e_e002758,E03,e002758,1;2;22;4;26,2023-06-17,2023-06-18,자가용,서울 외 수도권 방문/수도권 거주/39세 이하/자녀동반/일반미션,1;2;22;4;26,1;2;26
e_e002776,E03,e002776,1;23;5,2023-06-24,2023-06-26,대중교통 등,서울 외 수도권 방문/수도권 거주/39세 이하/나홀로 여행/일반미션,1;23;5,7;1;23
e_e002785,E03,e002785,8;2;22;6;24;26;27;7,2023-06-17,2023-06-19,자가용,서울 외 수도권 방문/수도권 거주/39세 이하/커플/일반미션,8;2;22;6;24;26;27;7,2;5;8
e_e002794,E02,e002794,1,2023-06-10,2023-06-11,자가용,서울 외 수도권 방문/수도권 거주/40세 이상/커플/일반미션,1,1;2;24
e_e002913,E03,e002913,5;8,2023-06-10,2023-06-11,자가용,서울 외 수도권 방문/수도권 거주/40세 이상/부부/일반미션,5;8,5;8;1
e_e002996,E03,e002996,22;24;3;6,2023-06-11,2023-06-12,자가용,서울 외 수도권 방문/수도권 거주/39세 이하/부부/일반미션,22;24;3;6,6;24;22
e_e002997,E01,e002997,1;4;7;21,2023-07-07,2023-07-09,대중교통 등,서울 방문/거주지 구분 없음/40세 이상/특별미션,1;4;7;21,4;7;21
e_e003106,E03,e003106,10;26;1;2;22,2023-06-21,2023-06-22,대중교통 등,서울 외 수도권 방문/수도권 거주/39세 이하/커플/일반미션,10;26;1;2;22,1;22;10
e_e003118,E03,e003118,2;5;3;6;8;9;10;13;21;22;24;26;27;28,2023-07-08,2023-07-10,자가용,경기 방문/거주지 구분 없음/39세 이하/특별미션,2;5;3;6;8;9;10;13;21;22;24;26;27;28,2;3;21
e_e003200,E03,e003200,2,2023-06-15,2023-06-16,자가용,서울 외 수도권 방문/수도권 거주/39세 이하/3인 이상 친구/일반미션,2,2;7;22
e_e003246,E03,e003246,2;22;24;6,2023-06-15,2023-06-16,자가용,서울 외 수도권 방문/수도권 거주/39세 이하/나홀로 여행/일반미션,2;22;24;6,1;6;22
e_e003252,E03,e003252,21;22;24;5;8,2023-06-17,2023-06-19,대중교통 등,서울 외 수도권 방문/수도권 거주/39세 이하/커플/일반미션,21;22;24;5;8,8;21;26
e_e003286,E03,e003286,5,2023-06-21,2023-06-22,자가용,서울 외 수도권 방문/수도권 거주/39세 이하/부부/일반미션,5,10;2;21
e_e003325,E01,e003325,22;24;26;6;7,2023-07-01,2023-07-03,대중교통 등,서울 방문/수도권 외 거주/39세 이하/나홀로 여행/일반미션,22;24;26;6;7,7;6;22
e_e003343,E03,e003343,21;22;24;6,2023-07-01,2023-07-02,대중교통 등,경기 방문/거주지 구분 없음/39세 이하/특별미션,21;22;24;6,6;21;24
e_e003351,E01,e003351,22;1;6,2023-06-28,2023-06-29,대중교통 등,서울 방문/수도권 외 거주/40세 이상/부부/일반미션,22;1;6,6;1;22
e_e003452,E01,e003452,1;22;23;26;4,2023-06-25,2023-06-27,대중교통 등,서울 방문/수도권 거주/39세 이하/부모 동반/일반미션,1;22;23;26;4,1;23;26
e_e003480,E01,e003480,3;24;1;4,2023-07-01,2023-07-03,대중교통 등,서울 방문/거주지 구분 없음/39세 이하/특별미션,3;24;1;4,3;4;1
e_e003491,E03,e003491,22;24;26;27,2023-07-01,2023-07-03,자가용,경기 방문/거주지 구분 없음/39세 이하/특별미션,22;24;26;27,3;27;22
e_e003524,E03,e003524,28;3;8,2023-07-08,2023-07-10,자가용,서울 외 수도권 방문/수도권 거주/40세 이상/자녀동반/일반미션,28;3;8,8;3;28
e_e003529,E03,e003529,24;6,2023-06-23,2023-06-24,자가용,서울 외 수도권 방문/수도권 거주/40세 이상/3인 이상 친구/일반미션,24;6,6;21;24
e_e003533,E03,e003533,1;2;22;26;6,2023-06-24,2023-06-26,자가용,경기 방문/거주지 구분 없음/39세 이하/특별미션,1;2;22;26;6,3;4;1
e_e003548,E01,e003548,1;22;26;6,2023-06-18,2023-06-20,대중교통 등,서울 방문/거주지 구분 없음/39세 이하/특별미션,1;22;26;6,6;1;22
e_e003557,E03,e003557,2;21;22,2023-06-22,2023-06-23,자가용,서울 외 수도권 방문/수도권 거주/40세 이상/자녀동반/일반미션,2;21;22,2;21;22
e_e003566,E01,e003566,5;22;24;10;2,2023-06-24,2023-06-26,대중교통 등,서울 방문/거주지 구분 없음/39세 이하/특별미션,5;22;24;10;2,22;5;24
e_e003584,E01,e003584,1;22;26;7,2023-06-27,2023-06-29,대중교통 등,서울 방문/거주지 구분 없음/39세 이하/특별미션,1;22;26;7,1;7;3
e_e003610,E03,e003610,4;22;24;7,2023-06-30,2023-07-02,대중교통 등,경기 방문/거주지 구분 없음/39세 이하/특별미션,4;22;24;7,22;24;4
e_e003621,E01,e003621,11;4;1;23,2023-06-29,2023-07-01,대중교통 등,서울 방문/수도권 외 거주/39세 이하/나홀로 여행/일반미션,11;4;1;23,1;11;2
e_e003653,E03,e003653,2;21;22;6,2023-06-28,2023-06-30,대중교통 등,서울 외 수도권 방문/수도권 거주/39세 이하/나홀로 여행/일반미션,2;21;22;6,3;6;21
e_e003708,E01,e003708,4;6,2023-06-30,2023-07-01,대중교통 등,서울 방문/수도권 거주/40세 이상/나홀로 여행/일반미션,4;6,6;22;11
e_e003712,E03,e003712,1;21;22;26,2023-06-22,2023-06-23,자가용,서울 외 수도권 방문/수도권 거주/40세 이상/나홀로 여행/일반미션,1;21;22;26,1;6;11
e_e003718,E03,e003718,22;23;26;27;4,2023-06-24,2023-06-26,자가용,서울 외 수도권 방문/수도권 거주/39세 이하/3인 이상 친구/일반미션,22;23;26;27;4,2;22;21
e_e003751,E03,e003751,2;22;23,2023-07-08,2023-07-10,대중교통 등,서울 외 수도권 방문/수도권 거주/39세 이하/3인 이상 친구/일반미션,2;22;23,2;23;26
e_e003764,E01,e003764,1;12;22;4,2023-06-23,2023-06-24,대중교통 등,서울 방문/수도권 거주/39세 이하/나홀로 여행/일반미션,1;12;22;4,1;12;22
e_e003814,E03,e003814,26;28;21;22,2023-07-02,2023-07-03,자가용,경기 방문/거주지 구분 없음/40세 이상/특별미션,26;28;21;22,28;13;11
e_e003836,E01,e003836,1;24;26;4;7,2023-06-24,2023-06-25,대중교통 등,서울 방문/거주지 구분 없음/39세 이하/특별미션,1;24;26;4;7,1;4;7
e_e003854,E03,e003854,1;22,2023-06-24,2023-06-25,자가용,서울 외 수도권 방문/수도권 거주/39세 이하/커플/일반미션,1;22,1;6;22
e_e003914,E01,e003914,1;21;22;4,2023-06-25,2023-06-26,대중교통 등,서울 방문/수도권 거주/39세 이하/커플/일반미션,1;21;22;4,21;24;1
e_e003951,E01,e003951,4;7;23;22;24;26,2023-07-08,2023-07-10,대중교통 등,서울 방문/거주지 구분 없음/39세 이하/특별미션,4;7;23;22;24;26,9;1;24
e_e003961,E03,e003961,1;22,2023-06-24,2023-06-25,자가용,서울 외 수도권 방문/수도권 외 거주/40세 이상/자녀동반/일반미션,1;22,1;11;22
e_e003986,E03,e003986,2;22;26,2023-06-29,2023-07-01,대중교통 등,경기 방문/거주지 구분 없음/39세 이하/특별미션,2;22;26,2;22;26
e_e003995,E03,e003995,22;3;4,2023-06-25,2023-06-26,자가용,서울 외 수도권 방문/수도권 거주/39세 이하/커플/일반미션,22;3;4,4;22;3
e_e004052,E01,e004052,10;22;23;26,2023-07-02,2023-07-04,대중교통 등,서울 방문/거주지 구분 없음/39세 이하/특별미션,10;22;23;26,23;22;26
e_e004061,E03,e004061,22;26;5,2023-06-30,2023-07-01,자가용,서울 외 수도권 방문/수도권 거주/40세 이상/3인 이상 친구/일반미션,22;26;5,22;5;1
e_e004063,E03,e004063,1;2;3;6;7,2023-07-08,2023-07-10,대중교통 등,경기 방문/거주지 구분 없음/39세 이하/특별미션,1;2;3;6;7,1;6;24
e_e004117,E01,e004117,1;2;23;24;4,2023-07-15,2023-07-17,자가용,서울 방문/수도권 거주/39세 이하/3대 동반 여행/일반미션,1;2;23;24;4,1;22;26
e_e004129,E01,e004129,1;22;26;4;7,2023-07-03,2023-07-04,대중교통 등,서울 방문/수도권 거주/39세 이하/나홀로 여행/일반미션,1;22;26;4;7,4;7;26
e_e004150,E03,e004150,5;8,2023-07-07,2023-07-09,자가용,서울 외 수도권 방문/수도권 거주/39세 이하/3인 이상 친구/일반미션,5;8,5;8;22
e_e004197,E02,e004197,2;1;21;22;24;23;26;27,2023-07-08,2023-07-10,자가용,인천 방문/거주지 구분 없음/39세 이하/특별미션,2;1;21;22;24;23;26;27,1;22;23
e_e004226,E03,e004226,4;6;22;26,2023-07-05,2023-07-06,대중교통 등,서울 외 수도권 방문/수도권 거주/39세 이하/나홀로 여행/일반미션,4;6;22;26,6;4;1
e_e004227,E03,e004227,1;24;27;6;7,2023-06-29,2023-06-30,대중교통 등,서울 외 수도권 방문/수도권 거주/39세 이하/나홀로 여행/일반미션,1;24;27;6;7,1;4;6
e_e004316,E01,e004316,3;6;22,2023-07-08,2023-07-09,대중교통 등,서울 방문/수도권 거주/39세 이하/나홀로 여행/일반미션,3;6;22,6;3;22
e_e004329,E03,e004329,1;22;6,2023-07-01,2023-07-02,자가용,서울 외 수도권 방문/수도권 거주/39세 이하/커플/일반미션,1;22;6,6;26;22
e_e004330,E03,e004330,1;21;22;4,2023-07-08,2023-07-10,대중교통 등,경기 방문/거주지 구분 없음/39세 이하/특별미션,1;21;22;4,1;22;4
e_e004346,E03,e004346,10;21;6,2023-07-12,2023-07-14,자가용,서울 외 수도권 방문/수도권 거주/40세 이상/부부/일반미션,10;21;6,2;6;10
e_e004350,E01,e004350,11;22;26;4;6,2023-07-08,2023-07-09,자가용,서울 방문/수도권 거주/39세 이하/자녀동반/일반미션,11;22;26;4;6,6;11;24
e_e004359,E03,e004359,2;22;24;5,2023-07-12,2023-07-14,자가용,서울 외 수도권 방문/수도권 거주/39세 이하/3대 동반 여행/일반미션,2;22;24;5,1;2;22
e_e004376,E02,e004376,1;22;24;26;7,2023-07-22,2023-07-24,대중교통 등,인천 방문/거주지 구분 없음/39세 이하/특별미션,1;22;24;26;7,7;2;22
e_e004440,E01,e004440,1;3,2023-07-01,2023-07-02,대중교통 등,서울 방문/수도권 거주/39세 이하/커플/일반미션,1;3,3;1;24
e_e004469,E01,e004469,1;2;28;3;6,2023-07-03,2023-07-05,대중교통 등,서울 방문/수도권 거주/39세 이하/나홀로 여행/일반미션,1;2;28;3;6,22;6;2
e_e004583,E03,e004583,3,2023-07-04,2023-07-05,자가용,서울 외 수도권 방문/수도권 거주/40세 이상/부모 동반/일반미션,3,3;5;6
e_e004605,E03,e004605,1;2;21;22;5,2023-07-07,2023-07-08,자가용,서울 외 수도권 방문/수도권 거주/40세 이상/3대 동반 여행/일반미션,1;2;21;22;5,26;1;3
e_e004672,E03,e004672,2;22;24;4;5,2023-07-08,2023-07-10,자가용,서울 외 수도권 방문/수도권 거주/39세 이하/커플/일반미션,2;22;24;4;5,2;24;5
e_e004682,E01,e004682,1;10;11;2;21,2023-07-16,2023-07-19,자가용,서울 방문/수도권 거주/39세 이하/나홀로 여행/일반미션,1;10;11;2;21,23;1;4
e_e004696,E01,e004696,1;2;22;23;27,2023-07-16,2023-07-19,대중교통 등,서울 방문/수도권 외 거주/39세 이하/나홀로 여행/일반미션,1;2;22;23;27,2;6;23
e_e004802,E03,e004802,2,2023-07-14,2023-07-15,대중교통 등,서울 외 수도권 방문/수도권 거주/40세 이상/자녀동반/일반미션,2,2;11;22
e_e004874,E03,e004874,1;2;28;4;8,2023-07-08,2023-07-09,자가용,서울 외 수도권 방문/수도권 거주/39세 이하/커플/일반미션,1;2;28;4;8,1;4;25
e_e004913,E03,e004913,22;26;5,2023-07-10,2023-07-12,자가용,서울 외 수도권 방문/수도권 거주/39세 이하/3인 이상 친구/일반미션,22;26;5,26;22;2
e_e004916,E03,e004916,23,2023-07-08,2023-07-10,자가용,경기 방문/거주지 구분 없음/39세 이하/특별미션,23,23;1;4
e_e004963,E01,e004963,1,2023-08-04,2023-08-05,대중교통 등,서울 방문/수도권 거주/39세 이하/부부/일반미션,1,1;26;22
e_e004967,E03,e004967,4;26;21,2023-07-26,2023-07-27,대중교통 등,경기 방문/거주지 구분 없음/40세 이상/특별미션,4;26;21,21;22;26
e_e004995,E01,e004995,1;10;2;4;6,2023-07-21,2023-07-24,대중교통 등,서울 방문/수도권 외 거주/39세 이하/커플/일반미션,1;10;2;4;6,6;22;26
e_e005003,E01,e005003,1;2;4,2023-07-09,2023-07-10,대중교통 등,서울 방문/수도권 거주/39세 이하/커플/일반미션,1;2;4,1;2;4
e_e005006,E03,e005006,1;22;3;6;8,2023-07-21,2023-07-24,자가용,서울 외 수도권 방문/수도권 거주/39세 이하/커플/일반미션,1;22;3;6;8,8;22;1
e_e005088,E01,e005088,1;23;4,2023-07-30,2023-08-02,대중교통 등,서울 방문/수도권 외 거주/40세 이상/자녀동반/일반미션,1;23;4,4;23;6
e_e005141,E01,e005141,1;22;24;26;4,2023-07-14,2023-07-17,대중교통 등,서울 방문/수도권 외 거주/39세 이하/커플/일반미션,1;22;24;26;4,1;22;26
e_e005276,E01,e005276,1;3;4;6,2023-07-20,2023-07-22,자가용,서울 방문/수도권 외 거주/40세 이상/자녀동반/일반미션,1;3;4;6,4;2;1
e_e005297,E01,e005297,1;4;6;3;23,2023-07-30,2023-08-01,자가용,서울 방문/거주지 구분 없음/39세 이하/특별미션,1;4;6;3;23,6;3;24
e_e005373,E03,e005373,1;2;21;22;4,2023-07-27,2023-07-30,자가용,경기 방문/거주지 구분 없음/40세 이상/특별미션,1;2;21;22;4,2;4;24
e_e005386,E03,e005386,2;6,2023-07-22,2023-07-23,자가용,서울 외 수도권 방문/수도권 거주/39세 이하/자녀동반/일반미션,2;6,2;1;22
e_e005410,E03,e005410,1;22;7,2023-07-24,2023-07-25,대중교통 등,경기 방문/거주지 구분 없음/39세 이하/특별미션,1;22;7,1;13;24
e_e005445,E03,e005445,1;2;4;13;22;23;22;26;6;7;10;21;24,2023-07-27,2023-07-28,자가용,서울 외 수도권 방문/수도권 거주/39세 이하/커플/일반미션,1;2;4;13;22;23;22;26;6;7;10;21;24,10;1;21
e_e005481,E03,e005481,10;2;21;22;8,2023-07-30,2023-08-01,자가용,서울 외 수도권 방문/수도권 거주/39세 이하/커플/일반미션,10;2;21;22;8,8;2;26
e_e005501,E01,e005501,1;21;22;4;6,2023-07-22,2023-07-23,대중교통 등,서울 방문/거주지 구분 없음/40세 이상/특별미션,1;21;22;4;6,4;6;22
e_e005529,E01,e005529,22;3;6,2023-07-23,2023-07-24,대중교통 등,서울 방문/거주지 구분 없음/39세 이하/특별미션,22;3;6,6;4;22
e_e005531,E03,e005531,1;21;22;23;3,2023-07-25,2023-07-27,대중교통 등,서울 외 수도권 방문/수도권 거주/39세 이하/커플/일반미션,1;21;22;23;3,23;27;1
e_e005534,E03,e005534,1;27;26;21;22;24;3;7;6;12;4;2,2023-08-05,2023-08-06,자가용,서울 외 수도권 방문/수도권 거주/39세 이하/부부/일반미션,1;27;26;21;22;24;3;7;6;12;4;2,22;1;21
e_e005581,E03,e005581,1;22,2023-07-29,2023-07-31,대중교통 등,서울 외 수도권 방문/수도권 거주/39세 이하/커플/일반미션,1;22,1;3;22
e_e005693,E01,e005693,1;22;24;6;9,2023-07-29,2023-07-30,대중교통 등,서울 방문/수도권 외 거주/39세 이하/커플/일반미션,1;22;24;6;9,6;22;24
e_e005700,E01,e005700,1;21;22;24;26,2023-07-27,2023-07-31,자가용,서울 방문/수도권 외 거주/40세 이상/부부/일반미션,1;21;22;24;26,1;4;23
e_e005707,E01,e005707,23,2023-08-05,2023-08-07,자가용,서울 방문/거주지 구분 없음/39세 이하/특별미션,23,23;22;7
e_e005744,E03,e005744,1;21;22;26;12,2023-07-30,2023-07-31,자가용,서울 외 수도권 방문/수도권 거주/40세 이상/3인 이상 친구/일반미션,1;21;22;26;12,21;22;12
e_e005798,E03,e005798,1;2;3;4;6,2023-07-30,2023-07-31,자가용,서울 외 수도권 방문/수도권 거주/39세 이하/자녀동반/일반미션,1;2;3;4;6,24;5;22
e_e005830,E03,e005830,11;2;6,2023-07-30,2023-07-31,자가용,서울 외 수도권 방문/수도권 거주/40세 이상/자녀동반/일반미션,11;2;6,6;11;3
e_e006135,E01,e006135,1;2;4;6;9;10;11;22;24;26,2023-08-09,2023-08-12,대중교통 등,서울 방문/수도권 외 거주/39세 이하/나홀로 여행/일반미션,1;2;4;6;9;10;11;22;24;26,6;2;1
e_e006158,E01,e006158,11;2;22;27;3,2023-08-08,2023-08-11,대중교통 등,서울 방문/거주지 구분 없음/39세 이하/특별미션,11;2;22;27;3,2;11;3
e_e006200,E03,e006200,11;2;22,2023-08-03,2023-08-05,자가용,경기 방문/거주지 구분 없음/39세 이하/특별미션,11;2;22,2;6;11
e_e006205,E03,e006205,2;22,2023-08-05,2023-08-06,자가용,서울 외 수도권 방문/수도권 외 거주/39세 이하/커플/일반미션,2;22,2;22;26
e_e006240,E03,e006240,10;2;22;5,2023-08-04,2023-08-05,자가용,서울 외 수도권 방문/수도권 거주/40세 이상/자녀동반/일반미션,10;2;22;5,2;10;5
e_e006442,E03,e006442,12;2;21;25;6,2023-08-05,2023-08-06,자가용,경기 방문/거주지 구분 없음/40세 이상/특별미션,12;2;21;25;6,3;13;2
e_e006445,E03,e006445,22;24;5,2023-08-06,2023-08-07,자가용,서울 외 수도권 방문/수도권 거주/40세 이상/자녀동반/일반미션,22;24;5,5;21;6
e_e006530,E03,e006530,10;2;23;26;6,2023-08-19,2023-08-20,자가용,서울 외 수도권 방문/수도권 거주/39세 이하/커플/일반미션,10;2;23;26;6,22;26;2
e_e006536,E03,e006536,1;12;2;21;6,2023-08-16,2023-08-17,자가용,서울 외 수도권 방문/수도권 거주/40세 이상/자녀동반/일반미션,1;12;2;21;6,6;4;1
e_e006561,E03,e006561,22;7,2023-08-11,2023-08-12,대중교통 등,서울 외 수도권 방문/수도권 거주/39세 이하/커플/일반미션,22;7,22;1;7
e_e006564,E03,e006564,1;21;22;26,2023-08-12,2023-08-13,대중교통 등,서울 외 수도권 방문/수도권 거주/39세 이하/커플/일반미션,1;21;22;26,21;22;26
e_e006787,E01,e006787,6;7;22;24;2,2023-08-25,2023-08-26,,서울 방문/수도권 거주/39세 이하/커플/일반미션,6;7;22;24;2,6;7;22
e_e006798,E03,e006798,22;24;27;4;7,2023-08-27,2023-08-28,,서울 외 수도권 방문/수도권 거주/40세 이상/나홀로 여행/일반미션,22;24;27;4;7,24;5;1
e_e006803,E02,e006803,11;24;4,2023-08-19,2023-08-20,,서울 외 수도권 방문/수도권 거주/40세 이상/자녀동반/일반미션,11;24;4,1;4;6
e_e006819,E03,e006819,2;4;6,2023-08-13,2023-08-14,,서울 외 수도권 방문/수도권 거주/39세 이하/자녀동반/일반미션,2;4;6,2;3;6
e_e006822,E01,e006822,3;11;22;24;26;1,2023-08-26,2023-08-27,,서울 방문/수도권 거주/40세 이상/나홀로 여행/일반미션,3;11;22;24;26;1,3;6;11
e_e006836,E03,e006836,4,2023-08-12,2023-08-13,,서울 외 수도권 방문/수도권 거주/39세 이하/자녀동반/일반미션,4,11;4;1
e_e006841,E03,e006841,11;4,2023-08-23,2023-08-24,,서울 외 수도권 방문/수도권 거주/39세 이하/자녀동반/일반미션,11;4,3;11;4
e_e006873,E01,e006873,1;6,2023-08-11,2023-08-12,,서울 방문/수도권 거주/39세 이하/나홀로 여행/일반미션,1;6,6;2;21
e_e006889,E03,e006889,22;24;3;6;9,2023-08-15,2023-08-16,,서울 외 수도권 방문/수도권 거주/39세 이하/커플/일반미션,22;24;3;6;9,9;6;2
e_e006898,E03,e006898,21;3;4;6,2023-08-18,2023-08-19,,서울 외 수도권 방문/수도권 거주/40세 이상/3대 동반 여행/일반미션,21;3;4;6,2;1;6
e_e006903,E03,e006903,4;8,2023-08-26,2023-08-27,,서울 외 수도권 방문/수도권 거주/40세 이상/자녀동반/일반미션,4;8,28;5;1
e_e006938,E01,e006938,22;23;4;6,2023-08-25,2023-08-26,,서울 방문/수도권 외 거주/39세 이하/부부/일반미션,22;23;4;6,6;4;3
e_e006948,E03,e006948,3;4;6,2023-08-14,2023-08-15,,서울 외 수도권 방문/수도권 거주/40세 이상/자녀동반/일반미션,3;4;6,8;21;24
e_e007195,E01,e007195,1;22;24;26;6,2023-08-12,2023-08-13,대중교통 등,서울 방문/수도권 외 거주/39세 이하/커플/일반미션,1;22;24;26;6,4;6;22
e_e007274,E03,e007274,2;26,2023-08-12,2023-08-13,자가용,서울 외 수도권 방문/수도권 거주/40세 이상/부부/일반미션,2;26,6;22;26
e_e007275,E02,e007275,21;22;26,2023-08-19,2023-08-20,자가용,인천 방문/거주지 구분 없음/40세 이상/특별미션,21;22;26,22;24;26
e_e007309,E01,e007309,1;6,2023-08-14,2023-08-15,,서울 방문/수도권 거주/39세 이하/나홀로 여행/일반미션,1;6,6;1;24
e_e007414,E01,e007414,1;22;26;6;2,2023-08-15,2023-08-16,대중교통 등,서울 방문/거주지 구분 없음/39세 이하/특별미션,1;22;26;6;2,1;6;22
e_e007438,E03,e007438,2;5;22;24,2023-08-15,2023-08-16,자가용,서울 외 수도권 방문/수도권 거주/39세 이하/나홀로 여행/일반미션,2;5;22;24,2;5;24
e_e007463,E03,e007463,28,2023-08-15,2023-08-16,자가용,경기 방문/거주지 구분 없음/39세 이하/특별미션,28,28;1;24
e_e007539,E03,e007539,21;22;25;27;8,2023-08-15,2023-08-16,자가용,서울 외 수도권 방문/수도권 외 거주/39세 이하/부모 동반/일반미션,21;22;25;27;8,25;27;22
e_e007569,E03,e007569,11;22;24;3;6,2023-08-19,2023-08-20,자가용,서울 외 수도권 방문/수도권 거주/40세 이상/자녀동반/일반미션,11;22;24;3;6,3;6;24
e_e007622,E03,e007622,22;3;5,2023-08-24,2023-08-25,대중교통 등,서울 외 수도권 방문/수도권 거주/39세 이하/나홀로 여행/일반미션,22;3;5,5;3;22
e_e007624,E03,e007624,2;22;26;6;9,2023-08-18,2023-08-19,대중교통 등,경기 방문/거주지 구분 없음/39세 이하/특별미션,2;22;26;6;9,2;6;11
e_e007642,E03,e007642,21;22;24;26;27,2023-09-02,2023-09-03,자가용,서울 외 수도권 방문/수도권 거주/40세 이상/자녀동반/일반미션,21;22;24;26;27,1;21;5
e_e007666,E03,e007666,1;12;21;22;3,2023-08-19,2023-08-20,대중교통 등,서울 외 수도권 방문/수도권 거주/39세 이하/커플/일반미션,1;12;21;22;3,6;3;26
e_e007691,E01,e007691,1;23;3;4;6,2023-08-26,2023-08-27,대중교통 등,서울 방문/수도권 거주/39세 이하/커플/일반미션,1;23;3;4;6,3;6;4
e_e007701,E01,e007701,26;24;22;11,2023-08-22,2023-08-23,대중교통 등,서울 방문/수도권 거주/39세 이하/커플/일반미션,26;24;22;11,2;22;11
e_e007712,E01,e007712,1;3;6,2023-09-10,2023-09-11,대중교통 등,서울 방문/수도권 거주/39세 이하/나홀로 여행/일반미션,1;3;6,3;6;1
e_e007750,E01,e007750,4;22;26;7,2023-08-23,2023-08-24,,서울 방문/수도권 거주/39세 이하/3인 이상 친구/일반미션,4;22;26;7,4;7;26
e_e007774,E03,e007774,21;27;6,2023-08-25,2023-08-26,,서울 외 수도권 방문/수도권 거주/40세 이상/부부/일반미션,21;27;6,27;24;21
e_e007785,E01,e007785,22;26;3;6,2023-08-19,2023-08-20,,서울 방문/수도권 거주/39세 이하/3인 이상 친구/일반미션,22;26;3;6,1;22;26
e_e007787,E01,e007787,2;3;4;6;7,2023-08-26,2023-08-27,,서울 방문/수도권 거주/39세 이하/커플/일반미션,2;3;4;6;7,1;2;22
e_e007790,E03,e007790,21;22;24;4,2023-08-20,2023-08-21,,서울 외 수도권 방문/수도권 거주/40세 이상/자녀동반/일반미션,21;22;24;4,22;21;1
e_e007808,E03,e007808,1;22;24,2023-08-28,2023-08-29,,서울 외 수도권 방문/수도권 거주/40세 이상/나홀로 여행/일반미션,1;22;24,1;21;10
e_e007810,E03,e007810,2;4;8,2023-08-19,2023-08-20,,서울 외 수도권 방문/수도권 거주/40세 이상/자녀동반/일반미션,2;4;8,5;8;21
e_e007823,E03,e007823,2;22;25;5,2023-08-29,2023-08-30,,경기 방문/거주지 구분 없음/39세 이하/특별미션,2;22;25;5,25;26;1
e_e007830,E03,e007830,22;3;6,2023-08-20,2023-08-21,,경기 방문/거주지 구분 없음/40세 이상/특별미션,22;3;6,3;6;22
e_e007841,E03,e007841,1;21;24,2023-08-29,2023-08-30,,서울 외 수도권 방문/수도권 거주/39세 이하/나홀로 여행/일반미션,1;21;24,3;6;24
e_e007857,E03,e007857,11;2;26;4,2023-08-19,2023-08-20,,경기 방문/거주지 구분 없음/39세 이하/특별미션,11;2;26;4,6;26;24
e_e007909,E03,e007909,1;10;2;22;26,2023-08-23,2023-08-24,자가용,경기 방문/거주지 구분 없음/39세 이하/특별미션,1;10;2;22;26,1;22;26
e_e007994,E01,e007994,1;21,2023-08-31,2023-09-01,대중교통 등,서울 방문/수도권 거주/39세 이하/나홀로 여행/일반미션,1;21,26;1;22
e_e008065,E03,e008065,22;26;5,2023-08-20,2023-08-21,자가용,경기 방문/거주지 구분 없음/39세 이하/특별미션,22;26;5,5;26;27
e_e008071,E03,e008071,1;22;24;26,2023-08-22,2023-08-23,자가용,서울 외 수도권 방문/수도권 거주/39세 이하/커플/일반미션,1;22;24;26,1;24;26
e_e008140,E01,e008140,1;22;25;4,2023-08-27,2023-08-28,대중교통 등,서울 방문/수도권 거주/39세 이하/나홀로 여행/일반미션,1;22;25;4,25;22;27
e_e008154,E01,e008154,2,2023-08-30,2023-08-31,대중교통 등,서울 방문/수도권 외 거주/39세 이하/커플/일반미션,2,2;22;1
e_e008184,E02,e008184,1;2;3;4;5,2023-08-20,2023-08-21,대중교통 등,서울 외 수도권 방문/수도권 거주/39세 이하/부모 동반/일반미션,1;2;3;4;5,22;4;1
e_e008223,E03,e008223,3;13;2;28;1,2023-08-20,2023-08-21,대중교통 등,경기 방문/거주지 구분 없음/39세 이하/특별미션,3;13;2;28;1,21;3;28
e_e008242,E01,e008242,2;22;26;4;6,2023-08-24,2023-08-25,대중교통 등,서울 방문/수도권 거주/39세 이하/부부/일반미션,2;22;26;4;6,2;26;22
e_e008252,E01,e008252,1;22;6,2023-08-27,2023-08-28,대중교통 등,서울 방문/수도권 외 거주/39세 이하/커플/일반미션,1;22;6,2;22;1
e_e008327,E03,e008327,22;24;6,2023-08-24,2023-08-25,,서울 외 수도권 방문/수도권 거주/40세 이상/부부/일반미션,22;24;6,24;6;22
e_e008337,E01,e008337,1;22;26,2023-08-22,2023-08-23,,서울 방문/수도권 거주/40세 이상/나홀로 여행/일반미션,1;22;26,26;4;22
e_e008339,E03,e008339,22;6;7,2023-08-26,2023-08-27,,서울 외 수도권 방문/수도권 거주/39세 이하/부모 동반/일반미션,22;6;7,2;6;22
e_e008340,E03,e008340,2;21;22;7,2023-08-27,2023-08-28,,서울 외 수도권 방문/수도권 거주/39세 이하/커플/일반미션,2;21;22;7,26;21;4
e_e008343,E03,e008343,10;4;6;7;9,2023-08-20,2023-08-21,,서울 외 수도권 방문/수도권 거주/40세 이상/나홀로 여행/일반미션,10;4;6;7;9,1;3;6
e_e008379,E03,e008379,2;21;24;27;6,2023-08-28,2023-08-29,대중교통 등,서울 외 수도권 방문/수도권 거주/39세 이하/커플/일반미션,2;21;24;27;6,21;22;26
e_e009077,E03,e009077,1;22;24;4,2023-08-25,2023-08-26,대중교통 등,서울 외 수도권 방문/수도권 거주/39세 이하/나홀로 여행/일반미션,1;22;24;4,1;26;22
e_e009084,E03,e009084,1;2;22,2023-08-26,2023-08-27,대중교통 등,서울 외 수도권 방문/수도권 외 거주/39세 이하/3인 이상 친구/일반미션,1;2;22,2;1;22
e_e009202,E01,e009202,1;22;26;6,2023-08-24,2023-08-25,대중교통 등,서울 방문/수도권 거주/39세 이하/커플/일반미션,1;22;26;6,6;22;26
e_e009309,E01,e009309,1;2;22;3;6,2023-08-31,2023-09-01,대중교통 등,서울 방문/거주지 구분 없음/39세 이하/특별미션,1;2;22;3;6,2;3;22
e_e009398,E03,e009398,26;27;28;4;6,2023-08-30,2023-08-31,대중교통 등,경기 방문/거주지 구분 없음/39세 이하/특별미션,26;27;28;4;6,2;21;26
e_e009438,E03,e009438,1;2;3;4;5,2023-08-27,2023-08-28,대중교통 등,경기 방문/거주지 구분 없음/40세 이상/특별미션,1;2;3;4;5,5;4;21
e_e009451,E01,e009451,22;26;4;6,2023-08-25,2023-08-26,대중교통 등,서울 방문/수도권 거주/39세 이하/나홀로 여행/일반미션,22;26;4;6,26;1;6
e_e009459,E03,e009459,6;21;22;1;26,2023-08-30,2023-08-31,자가용,서울 외 수도권 방문/수도권 거주/39세 이하/커플/일반미션,6;21;22;1;26,6;26;22
e_e009467,E01,e009467,2;22;26,2023-08-26,2023-08-27,자가용,서울 방문/수도권 거주/39세 이하/커플/일반미션,2;22;26,2;22;26
e_e009557,E03,e009557,4;22;1;24;5;26;2,2023-08-28,2023-08-29,자가용,경기 방문/거주지 구분 없음/39세 이하/특별미션,4;22;1;24;5;26;2,2;5;22
e_e009561,E03,e009561,1;22;27;5;7,2023-08-24,2023-08-25,대중교통 등,서울 외 수도권 방문/수도권 거주/40세 이상/나홀로 여행/일반미션,1;22;27;5;7,1;22;27
e_e009581,E01,e009581,1;22;4;6;7,2023-08-26,2023-08-27,대중교통 등,서울 방문/거주지 구분 없음/39세 이하/특별미션,1;22;4;6;7,4;7;22
e_e009589,E03,e009589,1;21;22;3;4,2023-09-02,2023-09-03,대중교통 등,경기 방문/거주지 구분 없음/39세 이하/특별미션,1;21;22;3;4,22;26;3
e_e009671,E03,e009671,21;3;5;6;9,2023-08-26,2023-08-27,자가용,경기 방문/거주지 구분 없음/39세 이하/특별미션,21;3;5;6;9,3;6;1
e_e009688,E01,e009688,1;26;4;22;24;23;3;27,2023-08-30,2023-08-31,자가용,서울 방문/수도권 거주/39세 이하/부모 동반/일반미션,1;26;4;22;24;23;3;27,22;26;4
e_e009933,E03,e009933,2;22,2023-08-27,2023-08-28,자가용,서울 외 수도권 방문/수도권 거주/39세 이하/부부/일반미션,2;22,22;12;26
e_e010095,E02,e010095,21,2023-09-02,2023-09-03,자가용,인천 방문/거주지 구분 없음/40세 이상/특별미션,21,21;1;3
e_e010149,E03,e010149,21;22;24;26,2023-08-26,2023-08-27,자가용,경기 방문/거주지 구분 없음/39세 이하/특별미션,21;22;24;26,22;26;24
e_e010197,E03,e010197,5;22;26;24;3;1,2023-08-27,2023-08-28,자가용,경기 방문/거주지 구분 없음/39세 이하/특별미션,5;22;26;24;3;1,3;5;26
e_e010211,E02,e010211,1;25;26;4,2023-08-26,2023-08-27,자가용,인천 방문/거주지 구분 없음/39세 이하/특별미션,1;25;26;4,1;25;26
e_e010226,E01,e010226,1;25,2023-08-26,2023-08-27,,서울 방문/수도권 외 거주/39세 이하/나홀로 여행/일반미션,1;25,25;2;24
e_e010227,E02,e010227,12;21;26;3;6,2023-08-23,2023-08-24,,서울 외 수도권 방문/수도권 거주/40세 이상/나홀로 여행/일반미션,12;21;26;3;6,6;12;21
e_e010232,E02,e010232,21;25;4,2023-08-26,2023-08-27,,서울 외 수도권 방문/수도권 거주/40세 이상/자녀동반/일반미션,21;25;4,4;25;21
e_e010236,E03,e010236,22;24;26;7,2023-08-27,2023-08-28,,경기 방문/거주지 구분 없음/39세 이하/특별미션,22;24;26;7,1;26;22
e_e010241,E03,e010241,10;2,2023-08-27,2023-08-28,,서울 외 수도권 방문/수도권 거주/39세 이하/커플/일반미션,10;2,10;21;26
e_e010244,E03,e010244,12;21;22;26;4,2023-08-30,2023-08-31,,경기 방문/거주지 구분 없음/39세 이하/특별미션,12;21;22;26;4,4;12;22
e_e010258,E03,e010258,12;22;26;4,2023-08-25,2023-08-26,,서울 외 수도권 방문/수도권 거주/39세 이하/커플/일반미션,12;22;26;4,4;11;12
e_e010354,E03,e010354,1;6,2023-08-24,2023-08-25,자가용,서울 외 수도권 방문/수도권 거주/40세 이상/나홀로 여행/일반미션,1;6,1;24;21
e_e010474,E03,e010474,22;26;3;6,2023-08-26,2023-08-27,자가용,서울 외 수도권 방문/수도권 거주/39세 이하/커플/일반미션,22;26;3;6,3;6;22
e_e010488,E03,e010488,11;2;21;22;8,2023-08-27,2023-08-28,자가용,서울 외 수도권 방문/수도권 거주/39세 이하/자녀동반/일반미션,11;2;21;22;8,2;11;21
e_e010671,E03,e010671,5,2023-08-24,2023-08-25,자가용,서울 외 수도권 방문/수도권 외 거주/39세 이하/커플/일반미션,5,5;22;26
e_e010710,E03,e010710,2,2023-08-26,2023-08-27,대중교통 등,서울 외 수도권 방문/수도권 거주/39세 이하/커플/일반미션,2,2;1;9
e_e010733,E01,e010733,6;22,2023-09-02,2023-09-03,대중교통 등,서울 방문/수도권 거주/39세 이하/커플/일반미션,6;22,6;22;4
e_e010770,E01,e010770,2;26,2023-08-26,2023-08-27,,서울 방문/거주지 구분 없음/39세 이하/특별미션,2;26,26;1;22
e_e010784,E01,e010784,12;2;3;4,2023-08-26,2023-08-27,대중교통 등,서울 방문/수도권 거주/39세 이하/부부/일반미션,12;2;3;4,4;3;2
e_e010882,E03,e010882,11;2;22;7,2023-08-25,2023-08-26,대중교통 등,서울 외 수도권 방문/수도권 거주/39세 이하/커플/일반미션,11;2;22;7,9;2;11
e_e010958,E01,e010958,1;24;4;6,2023-08-25,2023-08-26,대중교통 등,서울 방문/수도권 거주/40세 이상/자녀동반/일반미션,1;24;4;6,6;1;4
e_e011166,E02,e011166,1;12;2;21;22,2023-08-25,2023-08-26,대중교통 등,서울 외 수도권 방문/수도권 거주/39세 이하/커플/일반미션,1;12;2;21;22,22;21;2
e_e011216,E02,e011216,1;2;4;5,2023-08-26,2023-08-27,자가용,서울 외 수도권 방문/수도권 거주/39세 이하/자녀동반/일반미션,1;2;4;5,1;2;11
e_e011425,E02,e011425,13;28;3;6,2023-08-28,2023-08-29,대중교통 등,서울 외 수도권 방문/수도권 거주/39세 이하/3인 이상 친구/일반미션,13;28;3;6,13;3;1
e_e011434,E01,e011434,2;5;21,2023-08-26,2023-08-27,대중교통 등,서울 방문/거주지 구분 없음/39세 이하/특별미션,2;5;21,5;21;22
e_e011436,E03,e011436,27,2023-08-26,2023-08-27,자가용,경기 방문/거주지 구분 없음/40세 이상/특별미션,27,27;21;24
e_e011477,E03,e011477,10;2;22,2023-08-29,2023-08-30,자가용,서울 외 수도권 방문/수도권 외 거주/39세 이하/커플/일반미션,10;2;22,2;5;10
e_e011493,E03,e011493,6;9;22;26,2023-08-26,2023-08-27,자가용,서울 외 수도권 방문/수도권 거주/39세 이하/커플/일반미션,6;9;22;26,6;22;26
e_e011577,E02,e011577,1;21;22;26;6,2023-08-26,2023-08-27,대중교통 등,서울 외 수도권 방문/수도권 외 거주/39세 이하/커플/일반미션,1;21;22;26;6,1;6;21
e_e011647,E03,e011647,12;2;6;1,2023-08-27,2023-08-28,대중교통 등,서울 외 수도권 방문/수도권 거주/39세 이하/나홀로 여행/일반미션,12;2;6;1,2;6;1
e_e011703,E03,e011703,1;21;22;24;26,2023-08-27,2023-08-28,자가용,서울 외 수도권 방문/수도권 거주/39세 이하/커플/일반미션,1;21;22;24;26,26;22;21
e_e011954,E03,e011954,22;4;6,2023-08-27,2023-08-28,,서울 외 수도권 방문/수도권 거주/39세 이하/자녀동반/일반미션,22;4;6,6;26;24
e_e011975,E01,e011975,4;6;22;26;24;12,2023-08-29,2023-08-30,자가용,서울 방문/수도권 거주/39세 이하/나홀로 여행/일반미션,4;6;22;26;24;12,6;22;4
e_e012208,E01,e012208,1;6,2023-09-01,2023-09-02,대중교통 등,서울 방문/수도권 거주/39세 이하/커플/일반미션,1;6,6;1;4
e_e012216,E01,e012216,6,2023-09-20,2023-09-21,자가용,서울 방문/수도권 거주/40세 이상/부부/일반미션,6,6;11;1
e_e012223,E01,e012223,6,2023-09-17,2023-09-18,대중교통 등,서울 방문/수도권 외 거주/39세 이하/나홀로 여행/일반미션,6,6;1;4
e_e012475,E03,e012475,2,2023-08-30,2023-08-31,대중교통 등,서울 외 수도권 방문/수도권 거주/39세 이하/3인 이상 친구/일반미션,2,2;5;10
e_e012491,E01,e012491,1;24;4;5,2023-09-02,2023-09-03,대중교통 등,서울 방문/수도권 거주/39세 이하/커플/일반미션,1;24;4;5,1;4;7
e_e012763,E01,e012763,1;22;4;5;7,2023-09-24,2023-09-25,대중교통 등,서울 방문/거주지 구분 없음/39세 이하/특별미션,1;22;4;5;7,1;4;22
